Tên Khách Hàng,Số điện thoại,Địa chỉ,Email,Website
Táº¥m Tráº§n Talida - CÃ´ng Ty TNHH Talida Viá»t Nam,66 885 888,"Sá» 38 ÄÆ°á»ng S3, PhÆ°á»ng TÃ¢y Tháº¡nh, Quáº­n TÃ¢n PhÃº,TP. Há» ChÃ­ Minh, Viá»t Nam",sales.talida@gmail.com,http://talida.com.vn
"Khuy, NÃºt, CÃºc An BÃ¬nh - Phá»¥ Liá»u May An BÃ¬nh",0938 930 416,"42A ĐÆ°á»ng Tháº¡nh Lá»c 57, PhÆ°á»ng Tháº¡nh Lá»c, Quáº­n 12,TP. Há» ChÃ­ Minh, Viá»t Nam",phulieumayanbinh@gmail.com,http://phulieumayanbinh.com
Gia LÃ¢m COMPOSITE - CÃ´ng Ty TNHH Sáº£n Xuáº¥t - ThÆ°Æ¡ng Máº¡i - Dá»ch Vá»¥ Ká»¹ Thuáº­t Gia LÃ¢m COMPOSITE,0912 540 505,"55/18 ÄÆ°á»ng Huá»³nh Thá» Hai, Khu Phá» 9, PhÆ°á»ng TÃ¢n ChÃ¡nh Hiá»p, Quáº­n 12,TP. Há» ChÃ­ Minh, Viá»t Nam",Gialamfrp@gmail.com,http://gialamcomposite.com
Bao BÃ¬ Nhá»±a Tá»ng Há»£p II - CÃ´ng Ty TNHH Sáº£n Xuáº¥t ThÆ°Æ¡ng Máº¡i Tá»ng Há»£p II,(028) 39600361,"Sá» 30C ÄÆ°á»ng TÃ¢n HÃ³a, PhÆ°á»ng 1, Quáº­n 11,TP. Há» ChÃ­ Minh, Viá»t Nam",bagth2@gmail.com,https://gimex2.com.vn
Nhá»±a Ká»¹ Thuáº­t HH Viá»t HÆ°ng - CÃ´ng Ty TNHH Má»t ThÃ nh ViÃªn HH Viá»t HÆ°ng,Hotline: 0964 284 362,"VÄn phÃ²ng: 57 ÄÆ°á»ng Sá» 5, XÃ£ VÄ©nh Lá»c B, Huyá»n BÃ¬nh ChÃ¡nh,TP. Há» ChÃ­ Minh, Viá»t Nam",quanda03mail@gmail.com,http://viethungplastic.com
Uy ThÃ nh Plastic - CÃ´ng Ty TNHH Uy ThÃ nh Plastic,(028) 39751915,"159 Trá»nh ÄÃ¬nh Trá»ng, P. PhÃº Trung, Q. TÃ¢n PhÃº,TP. Há» ChÃ­ Minh, Viá»t Nam",sanxuat@uythanhplastic.vn,http://uythanhplastic.vn
Modern Door - CÃ´ng Ty TNHH Äáº§u TÆ° Sáº£n Xuáº¥t ThÆ°Æ¡ng Máº¡i Ná»i Tháº¥t Modern,0842 111 444,"Trá»¥ sá»:Sá» 183 ÄÆ°á»ng Kinh DÆ°Æ¡ng VÆ°Æ¡ng, PhÆ°á»ng 12, Quáº­n 6,TP. Há» ChÃ­ Minh, Viá»t Nam",sales.moderndoor@gmail.com,http://moderndoor.vn
NetCard - CÃ´ng Ty TNHH MTV Thiáº¿t Bá» Ká»¹ Thuáº­t Vinaso,(028) 66827162,"43/17 ĐÆ°á»ng Sá» 21, PhÆ°á»ng 8, Quận GÃ² Váº¥p,TP. Há» ChÃ­ Minh, Viá»t Nam",netcardpvc@gmail.com,http://thevipdep.com
CÃ´ng Ty TNHH Sáº£n Xuáº¥t ThÆ°Æ¡ng Máº¡i Nhá»±a CÆ°á»ng PhÃ¡t Long An - Chi NhÃ¡nh HCM,(028) 37624893,"VÄn PhÃ²ng: 349 BÃ¬nh Trá» ÄÃ´ng, P. BÃ¬nh Trá» ÄÃ´ng A, Q. BÃ¬nh TÃ¢n,TP. Há» ChÃ­ Minh, Viá»t Nam",nhuacuongphat@gmail.com,http://cpplastic.com
MÃ¡y MÃ³c NgÃ nh Nhá»±a Xinhe LiÃªn Thuáº­n - CÃ´ng Ty TNHH LiÃªn Thuáº­n,(028) 6272 8018,"23 ÄÆ°á»ng Sá» 8, PhÆ°á»ng BÃ¬nh Trá» ÄÃ´ng B, Quáº­n BÃ¬nh TÃ¢n,TP. Há» ChÃ­ Minh, Viá»t Nam",lienthuanvn@gmail.com,http://lienthuan.vn
Nhá»±a Composite Anh Kháº£i - CÃ´ng Ty TNHH Sáº£n Xuáº¥t ThÆ°Æ¡ng Máº¡i Nhá»±a Anh Kháº£i,(028) 36360168,"182/8 Ấp TÃ¢n Thá»i 3, X. TÃ¢n Hiá»p, H. HÃ³c MÃ´n,TP. Há» ChÃ­ Minh, Viá»t Nam",anhkhai.frp@gmail.com,http://anhkhaicomposite.com
HSC Button - CÃ´ng Ty TNHH HSC Button,0869 022 888,"7/2F TrÆ°Æ¡ng Thá» NhÆ°, Ấp 3, Tá» 12, H. HÃ³c MÃ´n,TP. Há» ChÃ­ Minh, Viá»t Nam",hscsalevn@gmail.com,http://hscbutton.com
Bao BÃ¬ Nhá»±a HoÃ ng Thá»nh PhÃ¡t - CÃ´ng Ty TNHH Sáº£n Xuáº¥t In Bao BÃ¬ HoÃ ng Thá»nh PhÃ¡t Plastic,0945 19 7676,"Sá» 18, ÄÆ°á»ng 30, KDC Ấp 5, Phong PhÃº, H. BÃ¬nh ChÃ¡nh,TP. Há» ChÃ­ Minh, Viá»t Nam",baobihoangthinhphat86@gmail.com,http://hoangthinhphatplastic.com
HÃ³a Cháº¥t LÃ¢m Anh - CÃ´ng Ty TNHH Má»t ThÃ nh ViÃªn ThÆ°Æ¡ng Máº¡i Dá»ch Vá»¥ Sáº£n Xuáº¥t HÃ³a Cháº¥t LÃ¢m Anh,(028) 62675106,"Sá» 10 ÄÆ°á»ng T5, P. TÃ¢y Tháº¡nh, Q. TÃ¢n PhÃº,TP. Há» ChÃ­ Minh, Viá»t Nam",hoachatlamanh@yahoo.com.vn,http://hoachatlamanh.com
Gia CÃ´ng Ã©p Nhá»±a Há»ng Thanh - CÃ´ng Ty TNHH ThÆ°Æ¡ng Máº¡i Sáº£n Xuáº¥t Há»ng Thanh,(028) 54320926,"82/9 LÃª VÄn Quá»i, PhÆ°á»ng BÃ¬nh HÆ°ng HÃ²a A, Q. BÃ¬nh TÃ¢n,TP. Há» ChÃ­ Minh, Viá»t Nam",hongthanhcompany@gmail.com,http://hongthanh.com.vn
Nhá»±a QuÃ¢n Kiá»t - CÃ´ng Ty TNHH QuÃ¢n Kiá»t,0903900607,"27/2 Chiáº¿n LÆ°á»£c, P. BÃ¬nh Trá» ÄÃ´ng, Q. BÃ¬nh TÃ¢n,TP. Há» ChÃ­ Minh, Viá»t Nam",sales@nhuaquankiet.com,http://nhuaquankiet.com
CÃ´ng Ty Cá» Pháº§n Sáº£n Xuáº¥t Náº¯p NÃºt Viá»t Nam (VINACAP),(028) 36201048,"C14/27A Huá»³nh BÃ¡ ChÃ¡nh, X. TÃ¢n KiÃªn, H. BÃ¬nh ChÃ¡nh,TP. Há» ChÃ­ Minh, Viá»t Nam",vinacap@vinacap.net.vn,http://vinacap.net.vn
á»ng nhá»±a LÃª HÆ°ng Nam - CÃ´ng Ty TNHH MTV LÃª HÆ°ng Nam,(028) 37816124,"274/3/3 Nguyá»n VÄn Táº¡o, Ấp 2, XÃ£ Long Thá»i, Huyá»n NhÃ  BÃ¨,TP. Há» ChÃ­ Minh, Viá»t Nam",lehungnam.plastic@gmail.com,http://ongnhuamiennam.com
"Khuy, NÃºt, CÃºc Giai Cáº£nh - CÃ´ng Ty TNHH Xuáº¥t Nháº­p Kháº©u Giai Cáº£nh",0901 397 399,"Sá» 194 ÄÆ°á»ng Tuá» TÄ©nh, PhÆ°á»ng 12, Quáº­n 11,TP. Há» ChÃ­ Minh, Viá»t Nam",,http://phulieugiaicanh.com
Robot NgÃ nh Nhá»±a - CÃ´ng Ty TNHH Ká»¹ Thuáº­t CÃ´ng Nghá» Robtech,0898 325 510,"762/3 Quá»c Lá» 1A, P. BÃ¬nh HÆ°ng HÃ²a B, Q. BÃ¬nh TÃ¢n,TP. Há» ChÃ­ Minh, Viá»t Nam",info@thailongvietnam.com,http://robtech.com.vn
Gia CÃ´ng Nhá»±a Huy ToÃ n - CÃ´ng Ty TNHH Sáº£n Xuáº¥t VÃ  ThÆ°Æ¡ng Máº¡i Huy ToÃ n,(028) 37562696,"VP: B2-06 Pháº¡m ThÃ¡i BÆ°á»ng, P. TÃ¢n Phong, Q. 7,TP. Há» ChÃ­ Minh, Viá»t Nam",huytoan@hutoco.com,http://www.hutoco.com
Nhá»±a Volga VN - CÃ´ng Ty Cá» Pháº§n Volga VN,0931 110 168,"E8-1, ÄÆ°á»ng 7, KCN LÃª Minh XuÃ¢n 3, X. LÃª Minh XuÃ¢n, H. BÃ¬nh ChÃ¡nh,TP. Há» ChÃ­ Minh, Viá»t Nam",volgavn@volga.vn,http://volgaplastic.com
XÆ°á»ng Gia CÃ´ng Báº¡t Nhá»±a - CÃ´ng Ty TNHH MÃ¡i HiÃªn ThÃ´ng Minh,0854 799 798,"130 ÄÆ°á»ng Sá» 6, Khu Phá» 4, P. Tam PhÃº, TP. Thá»§ Äá»©c,TP. Há» ChÃ­ Minh, Viá»t Nam",orco.sale@gmail.com,http://orco.com.vn
Tá»§ Sáº¯t Nam Tiáº¿n PhÃ¡t - CÃ´ng Ty Cá» Pháº§n CÆ¡ KhÃ­ XÃ¢y Dá»±ng Nam Tiáº¿n PhÃ¡t,093 892 2468,"482/10 Phan XÃ­ch Long, PhÆ°á»ng 3, Quáº­n PhÃº Nhuáº­n,TP. Há» ChÃ­ Minh, Viá»t Nam",namtienphatjsc86@gmail.com,http://namtienphatjsc.vn
MÃ¡y MÃ³c NgÃ nh Nhá»±a MLS - CÃ´ng Ty TNHH ThÆ°Æ¡ng Máº¡i Dá»ch Vá»¥ MLS,0932 003 313,"642 Quá»c Lá» 1A, PhÆ°á»ng BÃ¬nh HÆ°ng HÃ²a B, Quáº­n BÃ¬nh TÃ¢n,TP. Há» ChÃ­ Minh, Viá»t Nam",nhuatrucvit@gmail.com,http://nhuatrucvit.vn
Sáº¯t ThÃ©p ThÃ nh TÃ­n - CÃ´ng Ty TNHH Sáº£n Xuáº¥t ThÆ°Æ¡ng Máº¡i Sáº¯t ThÃ©p ThÃ nh TÃ­n,(028) 37684077,"Trá»¥ Sá»: 67 ÄÆ°á»ng KÃªnh Rau RÄm, áº¥p 6, XÃ£ BÃ¬nh Lá»£i, Huyá»n BÃ¬nh ChÃ¡nh,TP. Há» ChÃ­ Minh, Viá»t Nam",thanhtinsteel@gmail.com,http://daytheploxothanhtin.com
Bao BÃ¬ Ã¡nh Trinh - Doanh Nghiá»p TÆ° NhÃ¢n Ã¡nh Trinh,(028) 38963013,"881 Pháº¡m VÄn Äá»ng, KP. 4, P. Linh TÃ¢y, TP. Thá»§ Äá»©c,TP. Há» ChÃ­ Minh, Viá»t Nam",anhtrinh09dn@gmail.com,http://tuinilonanhtrinh.com
DÃ¢y Äai Nhá»±a Hiroyuki - CÃ´ng Ty TNHH Hiroyuki Vietnam,(028) 37562828,"20 ÄÆ°á»ng 54A, P. TÃ¢n Táº¡o, Q. BÃ¬nh TÃ¢n,TP. Há» ChÃ­ Minh, Viá»t Nam",admin@hiroyuki-vietnam.com,https://hiroyuki-vietnam.com
Thiáº¿t Bá» NiÃªm Phong Ã¡ ChÃ¢u - CÃ´ng Ty TNHH Ká»¹ Thuáº­t Nhá»±a VÃ  KhuÃ´n Máº«u Ã¡ ChÃ¢u,0983854039,"704/46C HÆ°Æ¡ng Lá» 2, KP. 4, P. BÃ¬nh Trá» ÄÃ´ng A Q. BÃ¬nh TÃ¢n,TP. Há» ChÃ­ Minh, Viá»t Nam",kd.quang@actseal.vn,http://actseal.vn
Phá»¥ Gia NgÃ nh Nhá»±a Láº­p Quáº§n - CÃ´ng Ty TNHH Quá»c Táº¿ Láº­p Quáº§n,0908951288,"Sá» 6, ÄÆ°á»ng Sá» 1, Khu CÆ° XÃ¡ PhÃº LÃ¢m C, PhÆ°á»ng An Láº¡c A, Quáº­n BÃ¬nh TÃ¢n,TP. Há» ChÃ­ Minh, Viá»t Nam",iris@liqun.com.vn,http://lapquan.com
Bao BÃ¬ Pháº¡m Gia - CÃ´ng Ty TNHH Sáº£n Xuáº¥t Bao BÃ¬ Pháº¡m Gia,(028) 66834212,"1014 HÆ°Æ¡ng Lá» 2, Khu Phá» 6, PhÆ°á»ng BÃ¬nh Trá» ÄÃ´ng A, Quáº­n BÃ¬nh TÃ¢n,TP. Há» ChÃ­ Minh, Viá»t Nam",baobiphamgia@gmail.com,https://baobiphamgia.com
CÃ´ng Ty TNHH In ThÃ nh ÄÃ´,(028) 3848 8449,"287/2A Ấp PhÃº An, X. HÃ²a ÄÃ´ng, H. Cá»§ Chi,TP. Há» ChÃ­ Minh, Viá»t Nam",xepthanhdo@gmail.com,http://inthanhdo.com
Composite Thuáº­n PhÆ°á»c - CÃ´ng Ty TNHH Composite Thuáº­n PhÆ°á»c,0845 313 239,"102 Äáº·ng VÄn Bi, P. BÃ¬nh Thá», TP. Thá»§ Äá»©c,TP. Há» ChÃ­ Minh, Viá»t Nam",compositethuanphuoc@gmail.com,http://compositethuanphuoc.com
Khuy NÃºt CÃºc SÃ i GÃ²n - CÃ´ng Ty TNHH Sáº£n Xuáº¥t VÃ  ThÆ°Æ¡ng Máº¡i Phá»¥ Liá»u May SÃ i GÃ²n,(028) 36209077,"NhÃ  K13, ÄÆ°á»ng Sá» 8 (Khu 38ha), KP. 4, P. TÃ¢n Thá»i Nháº¥t, Q. 12,TP. Há» ChÃ­ Minh, Viá»t Nam",phulieumaysg@gmail.com,http://phulieumaysaigon.com
Thiáº¿t Bá» NiÃªm Phong Kim Háº£i - CÃ´ng Ty TNHH Má»t ThÃ nh ViÃªn Váº­t TÆ° VÃ  Thiáº¿t Bá» Kim Háº£i,(028) 62723869,"Sá» 16, ÄÆ°á»ng Sá» 6, KDC Hiá»p BÃ¬nh, P. Hiá»p BÃ¬nh PhÆ°á»c, TP. Thá»§ Äá»©c,TP. Há» ChÃ­ Minh, Viá»t Nam",info@kimhaiseals.vn,http://kimhaiseals.vn
Bao BÃ¬ Nhá»±a Cao DÆ°Æ¡ng - CÃ´ng Ty TNHH Sáº£n Xuáº¥t ThÆ°Æ¡ng Máº¡i Dá»ch Vá»¥ Cao DÆ°Æ¡ng,(028) 37135791,"24/6D Nguyá»n Thá» Thá»­, Ấp 3, X. XuÃ¢n Thá»i SÆ¡n, H. HÃ³c MÃ´n,TP. Há» ChÃ­ Minh, Viá»t Nam",caoduong02@gmail.com,http://baobinhuacaoduong.com
A&T Plastics - CÃ´ng Ty TNHH A&T Plastics,0914 159 946,"Sá» 87, ÄÆ°á»ng Ni SÆ° Huá»³nh LiÃªn, P. 10, Q. TÃ¢n BÃ¬nh,TP. Há» ChÃ­ Minh, Viá»t Nam",info@atplastics.vn,http://atplastics.vn
Gia CÃ´ng Nhá»±a Gia Ká»³ - CÃ´ng Ty TNHH Sáº£n Xuáº¥t ThÆ°Æ¡ng Máº¡i Gia Ká»³,0938 201 110,"185/58 BÃ  Hom, PhÆ°á»ng 13, Quáº­n 6,TP. Há» ChÃ­ Minh, Viá»t Nam",giakyplastic2011@gmail.com,http://giakyplastic.com
Phá»¥ Liá»u May Máº·c - CÃ´ng Ty TNHH Sáº£n Xuáº¥t ThÆ°Æ¡ng Máº¡i Dá»ch Vá»¥ PhÃ¡t Äáº¡t TrÃ¢m,0938 097 756,"Sá» 289A ÄÆ°á»ng HÃ²a Háº£o, P. 4, Q. 10,TP. Há» ChÃ­ Minh, Viá»t Nam",phatdattram2024@gmail.com,
MÃ¡y Xá»­ LÃ½ RÃ¡c ThÃ nh TÃ i - CÃ´ng Ty TNHH Sáº£n Xuáº¥t ThÆ°Æ¡ng Máº¡i CÆ¡ KhÃ­ ThÃ nh TÃ i,0973 275 055,"A13B/12, ÄÆ°á»ng 1A, Ấp 1B, XÃ£ VÄ©nh Lá»c B, Huyá»n BÃ¬nh ChÃ¡nh,TP. Há» ChÃ­ Minh, Viá»t Nam",cokhithanhtai1403@gmail.com,http://cokhithanhtai.com
Gia CÃ´ng Nhá»±a Gia Ká»³ - CÃ´ng Ty TNHH Sáº£n Xuáº¥t ThÆ°Æ¡ng Máº¡i Gia Ká»³,0938 201 110,"185/58 BÃ  Hom, PhÆ°á»ng 13, Quáº­n 6,TP. Há» ChÃ­ Minh, Viá»t Nam",giakyplastic2011@gmail.com,http://giakyplastic.com
Thiáº¿t Bá» NiÃªm Phong Rá»ng Xanh - CÃ´ng Ty TNHH ThÆ°Æ¡ng Máº¡i Dá»ch Vá»¥ TÆ° Váº¥n Rá»ng Xanh,(028) 39841780,"25 Nguyá»n VÄn Dung, PhÆ°á»ng 6, Quáº­n GÃ² Váº¥p,TP. Há» ChÃ­ Minh, Viá»t Nam",ruby.nguyen@bluedragon.vn,http://bluedragon.vn
EGGFUTURE - CÃ´ng Ty TNHH EGGFUTURE,0908101999,"47/90A Nguyá»n Há»¯u Tiáº¿n, PhÆ°á»ng TÃ¢y Tháº¡nh, Quáº­n TÃ¢n PhÃº,TP. Há» ChÃ­ Minh, Viá»t Nam",nhuandavi@gmail.com,http://thegioikhuon.com
á»ng nhá»±a PhÆ°Æ¡ng Tháº£o - CÃ´ng Ty TNHH ThÆ°Æ¡ng Máº¡i Dá»ch Vá»¥ VN PhÆ°Æ¡ng Tháº£o,(028) 6657 1139,"A6/47N ÄÆ°á»ng HÆ°Æ¡ng Lá» 80, Ấp 1A, XÃ£ VÄ©nh Lá»c A, Huyá»n BÃ¬nh ChÃ¡nh,TP. Há» ChÃ­ Minh, Viá»t Nam",phuongthaovn2017@gmail.com,http://diennuocphuongthao.com
Seal NiÃªm Phong - CÃ´ng Ty TNHH Tháº¿ Giá»i NiÃªm Phong,0906 900 295,"11 Bis Phan Ngá»¯, P. Dakao, Quáº­n 1,TP. Há» ChÃ­ Minh, Viá»t Nam",info@thegioiniemphong.com,http://thegioiniemphong.com
Bao BÃ¬ Máº¡nh PhÃ¡t Äáº¡t - CÃ´ng Ty TNHH Sáº£n Xuáº¥t ThÆ°Æ¡ng Máº¡i Dá»ch Vá»¥ Máº¡nh PhÃ¡t Äáº¡t,(028) 22135378,"12/2 ÄÆ°á»ng 10, KP. 5, P. TÄng NhÆ¡n PhÃº B, TP. Thá»§ Äá»©c,TP. Há» ChÃ­ Minh, Viá»t Nam",manhphatdatltd@gmail.com,http://tuinilonmanhphatdat.com
Phá»¥ Gia NgÃ nh Nhá»±a TÃ¢n HÃ¹ng CÆ¡ - CÃ´ng Ty ThÆ°Æ¡ng Máº¡i Sáº£n Xuáº¥t TÃ¢n HÃ¹ng CÆ¡,0932610303,"7-9-11-13 ÄÆ°á»ng 53A, P. TÃ¢n Táº¡o, Q. BÃ¬nh TÃ¢n,TP. Há» ChÃ­ Minh, Viá»t Nam",locnv@thcmasterbatch.com,https://thcmasterbatch.com
Thá»§ CÃ´ng Má»¹ Nghá» ThÃ¡i XuÃ¢n PhÃ¡t - CÃ´ng Ty TNHH Sáº£n Xuáº¥t ThÆ°Æ¡ng Máº¡i ThÃ¡i XuÃ¢n PhÃ¡t,(028) 37270653,"60/2 Nguyá»n CÃ´ng Trá»©, P. 19, Q. BÃ¬nh Tháº¡nh,TP. Há» ChÃ­ Minh, Viá»t Nam",seashell@thaixuanphat.com.vn,http://thaixuanphat.com
KhuÃ´n Máº«u - CÆ¡ KhÃ­ ChÃ­nh XÃ¡c Lá»c PhÃ¡t  - CÃ´ng Ty TNHH CÆ¡ KhÃ­ ChÃ­nh XÃ¡c Lá»c PhÃ¡t,(028) 36205786,"305/1/14 LÃª VÄn Quá»i, P. BÃ¬nh Trá» ÄÃ´ng, Q. BÃ¬nh TÃ¢n,TP. Há» ChÃ­ Minh, Viá»t Nam",locphat86@khuonepnhua.com,http://giacongepnhua.com
Phá»¥ Liá»u May Máº·c KL - CÃ´ng Ty TNHH Quá»c Táº¿ KL,0707396262,"Sá» 127/62 ÄÆ°á»ng Mai XuÃ¢n ThÆ°á»ng, P. 4, Q. 6,TP. Há» ChÃ­ Minh, Viá»t Nam",quachthemlai@gmail.com,http://phulieumaymackl.com
"Khuy, NÃºt ÄÃ´ng PhÆ°Æ¡ng Thuáº­n - CÃ´ng Ty TrÃ¡ch Nhiá»m Há»¯u Háº¡n Má»t ThÃ nh ViÃªn ÄÃ´ng PhÆ°Æ¡ng Thuáº­n",0914 295 236,"Sá» 72 Thá»ng Nháº¥t, PhÆ°á»ng TÃ¢n ThÃ nh, Quáº­n TÃ¢n PhÃº,TP. Há» ChÃ­ Minh, Viá»t Nam",mavinhlac@gmail.com,http://phulieumaydpt.com
Gia CÃ´ng Ã©p Nhá»±a NhÃ¢n Lá»c PhÃ¡t - CÃ´ng Ty TNHH KhuÃ´n Máº«u NhÃ¢n Lá»c PhÃ¡t,(028) 6678 5458,"84/1/37 TÃ¢y LÃ¢n, P. BÃ¬nh Trá» ÄÃ´ng A, Q. BÃ¬nh TÃ¢n,TP. Há» ChÃ­ Minh, Viá»t Nam",kythuat@khuonmaulocphat.com,http://khuonmaulocphat.com
Nhá»±a ÄÆ°á»ng Minh PhÃ¡t - CÃ´ng Ty TNHH XÃ¢y Dá»±ng CÃ´ng TrÃ¬nh Giao ThÃ´ng Minh PhÃ¡t,(028) 62665965,"B12B/37B/1 Tá» 4, Ấp 2B, XÃ£ VÄ©nh Lá»c B, Huyá»n BÃ¬nh ChÃ¡nh,TP. Há» ChÃ­ Minh, Viá»t Nam",xaydungminhphatco@gmail.com,http://thambetongnhuanong.vn
Phá»¥ Liá»u Hoa Viá»t - CÃ´ng Ty TNHH Phá»¥ Liá»u Hoa Viá»t,0937 594 002,"Sá» 378/11 Ba ÄÃ¬nh, PhÆ°á»ng HÆ°ng PhÃº, Quáº­n 8,TP. Há» ChÃ­ Minh, Viá»t Nam",hoavietcty@gmail.com,http://phulieuhoaviet.com
Doanh Nghiá»p TÆ° NhÃ¢n KhÃ¡nh Viá»t,(028) 39168324,"63B ÄÆ°á»ng Sá» 61, PhÆ°á»ng 14, Quáº­n GÃ² Váº¥p,TP. Há» ChÃ­ Minh, Viá»t Nam",khanhviet_opptape@yahoo.com.vn,http://bangkeokhanhviet.bizz.vn
MÃ¡y MÃ³c NgÃ nh Nhá»±a JM - CÃ´ng Ty MÃ¡y MÃ³c Thiáº¿t Bá» JM,0933 329 168,,oncejueves@gmail.com,http://maysanxuatnhua.com
Bao BÃ¬ An PhÃº - CÃ´ng Ty TNHH Sáº£n Xuáº¥t Bao BÃ¬ An PhÃº,09.33.33.55.90,"Sá» 149/2C ÄÆ°á»ng 45, P. Hiá»p BÃ¬nh ChÃ¡nh, TP. Thá»§ Äá»©c,TP. Há» ChÃ­ Minh, Viá»t Nam",vudangvietnam@gmail.com,http://baobianphu.bizz.vn
HÃ³a Cháº¥t LÃ¢m Anh - CÃ´ng Ty TNHH Má»t ThÃ nh ViÃªn ThÆ°Æ¡ng Máº¡i Dá»ch Vá»¥ Sáº£n Xuáº¥t HÃ³a Cháº¥t LÃ¢m Anh,(028) 62675106,"Sá» 10 ÄÆ°á»ng T5, P. TÃ¢y Tháº¡nh, Q. TÃ¢n PhÃº,TP. Há» ChÃ­ Minh, Viá»t Nam",hoachatlamanh@yahoo.com.vn,http://hoachatlamanh.com
Bao BÃ¬ Bimico - CÃ´ng Ty TNHH Sáº£n Xuáº¥t ThÆ°Æ¡ng Máº¡i Dá»ch Vá»¥ Bao BÃ¬ Bimico,0934 040 899,"Sá» A19 Phan Huy Ãch, P. 15, Q. TÃ¢n BÃ¬nh,TP. Há» ChÃ­ Minh, Viá»t Nam",Habinhminh052016@gmail.com,http://bimicopackaging.com
Bao BÃ¬ Nhá»±a SÆ¡n HÃ  - CÃ´ng Ty TNHH Sáº£n Xuáº¥t ThÆ°Æ¡ng Máº¡i Xuáº¥t Nháº­p Kháº©u SÆ¡n HÃ,0906 038 049,"Äá»a chá» VP:29/1 LÃª Táº¥n Quá»c, PhÆ°á»ng 13, Q. TÃ¢n BÃ¬nh,TP. Há» ChÃ­ Minh, Viá»t Nam",sonhaplasticpackaging@gmail.com,
Phá»¥ Gia NgÃ nh Nhá»±a Huy PhÃ¡t - CÃ´ng Ty TNHH ThÆ°Æ¡ng Máº¡i Xuáº¥t Nháº­p Kháº©u Huy PhÃ¡t,0931 818 567,"7A ÄÆ°á»ng An PhÃº ÄÃ´ng 12, P. An PhÃº ÄÃ´ng, Q. 12,TP. Há» ChÃ­ Minh, Viá»t Nam",huyphatchemicals@gmail.com,http://huyphatchemicals.com
Bao BÃ¬ Nhá»±a V2G Packaging - CÃ´ng Ty TNHH V2G Packaging,0355 678 909,"Sá» 113/8 ÄÆ°á»ng TÃ¢n XuÃ¢n 2, Ấp Má»i 1, XÃ£ TÃ¢n XuÃ¢n, Huyá»n HÃ³c MÃ´n,TP. Há» ChÃ­ Minh, Viá»t Nam",hong.bt@v2gpackaging.com,https://v2gpackaging.com
á»ng Nhá»±a Tiáº¿n ThÃ nh - CÃ´ng Ty TNHH Sáº£n Xuáº¥t ThÆ°Æ¡ng Máº¡i PhÃ¡t Triá»n Tiáº¿n ThÃ nh,0877 381 381,"222/10/2 TrÆ°á»ng Chinh, Khu Phá» 6, PhÆ°á»ng TÃ¢n HÆ°ng Thuáº­n, Quáº­n 12,TP. Há» ChÃ­ Minh, Viá»t Nam",ktctytienthanh@gmail.com,http://vattudiennuoc247.com
Bao BÃ¬ HoÃ ng Thá»nh - CÃ´ng Ty TNHH Bao BÃ¬ HoÃ ng Thá»nh,(028) 62806260,"98Q ÄÆ°á»ng LÃª Thá» Hoa, P. BÃ¬nh Chiá»u, TP. Thá»§ Äá»©c,TP. Há» ChÃ­ Minh, Viá»t Nam",bbhoangthinh@gmail.com,http://baobihoangthinh.com
Nhá»±a Äá»©c Äáº¡t - CÃ´ng Ty TNHH Nhá»±a Äá»©c Äáº¡t,(028) 37505814,"LÃ´ 40-42 ÄÆ°á»ng Sá» 3, KCN. TÃ¢n Táº¡o, Q. BÃ¬nh TÃ¢n,TP. Há» ChÃ­ Minh, Viá»t Nam",contact@dudaco.com,http://vietnamsprayer.com
Phá»¥ Gia Nhá»±a KiÃªn Phi - CÃ´ng Ty TNHH ThÆ°Æ¡ng Máº¡i KiÃªn Phi,0362 005 002,"Sá» 416/2 ÄÆ°á»ng Háº­u Giang, PhÆ°á»ng 12, Quáº­n 6,TP. Há» ChÃ­ Minh, Viá»t Nam",sales@kienphi.com,http://kienphi.com.vn
Phá»¥ Gia Nhá»±a VÃ¢n Gia PhÃ¡t - CÃ´ng Ty TNHH MTV ThÆ°Æ¡ng Máº¡i Dá»ch Vá»¥ VÃ¢n Gia PhÃ¡t,(028) 62990542,"46 Nguyá»n ThÃ¡i BÃ¬nh, P. Nguyá»n ThÃ¡i BÃ¬nh, Q. 1,TP. Há» ChÃ­ Minh, Viá»t Nam",vangiaphatcompany@yahoo.com,http://www.vangiaphat.com
DÃ¢y Äai Nhá»±a LiÃªn Viá»t PhÃ¡t - CÃ´ng Ty TNHH Sáº£n Xuáº¥t Bao BÃ¬ LiÃªn Viá»t PhÃ¡t,0584 255 555,"TP.Há» ChÃ­ Minh (HCM),TP. Há» ChÃ­ Minh, Viá»t Nam",baobilienvietphat@gmail.com,http://baobilienvietphat.com
Nhá»±a Gia Phan - CÃ´ng Ty TNHH Sáº£n Xuáº¥t ThÆ°Æ¡ng Máº¡i Dá»ch Vá»¥ Xuáº¥t Nháº­p Kháº©u Gia Phan,(0274) 3739420,"213/32 NÆ¡ Trang Long, P. 12, Q. BÃ¬nh Tháº¡nh,TP. Há» ChÃ­ Minh, Viá»t Nam",ngoc.ptb@nhuagiaphan.com,http://nhuagiaphan.com
Náº¯p Nhá»±a TrÃºc Giang - CÃ´ng Ty TNHH Sáº£n Xuáº¥t ThÆ°Æ¡ng Máº¡i TrÃºc Giang,(028) 54255099,"F2/18D, Ấp 6B, X. VÄ©nh Lá»c A, H. BÃ¬nh ChÃ¡nh,TP. Há» ChÃ­ Minh, Viá»t Nam",giangvotruc@gmail.com,http://www.napchainhua.com
A&T Plastics - CÃ´ng Ty TNHH A&T Plastics,0914 159 946,"Sá» 87, ÄÆ°á»ng Ni SÆ° Huá»³nh LiÃªn, P. 10, Q. TÃ¢n BÃ¬nh,TP. Há» ChÃ­ Minh, Viá»t Nam",info@atplastics.vn,http://atplastics.vn
Gia PhÃ¡t Door - CÃ´ng Ty Cá» Pháº§n Táº­p ÄoÃ n SaigonDoor,0933 707 707,"92/20/5 VÆ°á»n LÃ i, PhÆ°á»ng An PhÃº ÄÃ´ng, Quáº­n 12,TP. Há» ChÃ­ Minh, Viá»t Nam",sales.saigondoor@gmail.com,http://giaphatdoor.com
Bao BÃ¬ Nhá»±a ToÃ n Cáº§u - CÃ´ng Ty TNHH Ká»¹ Thuáº­t Bao BÃ¬ ToÃ n Cáº§u,0898 436 537,"Sá» 45A Huá»³nh Tá»nh Cá»§a, PhÆ°á»ng VÃµ Thá» SÃ¡u, Quáº­n 3,TP. Há» ChÃ­ Minh, Viá»t Nam",info@globalpack.com.vn,https://globalpack.com.vn
EcoDoor - CÃ´ng Ty Cá» Pháº§n Táº­p ÄoÃ n SaigonDoor,0855 400 400,"92/20/5 VÆ°á»n LÃ i, PhÆ°á»ng An PhÃº ÄÃ´ng, Quáº­n 12,TP. Há» ChÃ­ Minh, Viá»t Nam",Sales.ecodoor@gmail.com,http://ecodoor.vn
Huy PhÃ¡t Door - CÃ´ng Ty Cá» Pháº§n Táº­p ÄoÃ n SaigonDoor,0899 400 400,"92/20/5 VÆ°á»n LÃ i, PhÆ°á»ng An PhÃº ÄÃ´ng, Quáº­n 12,TP. Há» ChÃ­ Minh, Viá»t Nam",info@huyphatdoor.com,http://huyphatdoor.com
Bao BÃ¬ Quá»c ThÃ¡i - CÃ´ng Ty TNHH Sáº£n Xuáº¥t ThÆ°Æ¡ng Máº¡i Dá»ch Vá»¥ Quá»c ThÃ¡i,(028) 36007962,"Sá» 44/11 ÄÆ°á»ng 8B, P. BÃ¬nh HÆ°ng HÃ²a A, Q. BÃ¬nh TÃ¢n,TP. Há» ChÃ­ Minh, Viá»t Nam",baobiquocthai@gmail.com,http://baobiquocthai.com.vn
Phá»¥ Gia Nhá»±a ThÃ nh Lá»c - CÃ´ng Ty TNHH Phá»¥ Gia Nhá»±a ThÃ nh Lá»c,(028) 36208090,"Sá» 11, ÄÆ°á»ng 114, XÃ£ TÃ¢n Tháº¡nh ÄÃ´ng, Huyá»n Cá»§ Chi,TP. Há» ChÃ­ Minh, Viá»t Nam",lenhu@phugianhua.com,http://phugianhua.com
Bao BÃ¬ Nhá»±a Äá»nh Phong - CÆ¡ Sá» Bao BÃ¬ Nhá»±a Äá»nh Phong,(028) 35042846,"25 ÄÆ°á»ng Sá» 1, KDC Nam HÆ°ng VÆ°Æ¡ng, P. An Láº¡c, Q. BÃ¬nh TÃ¢n,TP. Há» ChÃ­ Minh, Viá»t Nam",baobinhuadinhphong@gmail.com,http://baobidinhphong.com
PhongThinhDoor - CÃ´ng Ty Cổ Phần Äáº§u TÆ° Sáº£n Xuáº¥t ThÆ°Æ¡ng Máº¡i Phong Thá»nh,0832 608 608,"1194, Pháº¡m Tháº¿ Hiá»n, PhÆ°á»ng 5, Quáº­n 8,TP. Há» ChÃ­ Minh, Viá»t Nam",phongthinhdoor@gmail.com,http://phongthinhdoor.com
Seal NiÃªm Phong Viá»n ÄÃ´ng - CÃ´ng Ty TNHH Giao Nháº­n - Váº­n Táº£i - Xuáº¥t Nháº­p Kháº©u Viá»n ÄÃ´ng,0903 021 793,"Trá»¥ Sá»: 192/8 Pháº¡m VÄn ChiÃªu, P. 8, Q. GÃ² Váº¥p,TP. Há» ChÃ­ Minh, Viá»t Nam",thietbiviendong.2014@gmail.com,http://viendongcompany.com
Bao BÃ¬ Nhá»±a Volga VN - CÃ´ng Ty Cá» Pháº§n Volga VN,0931 110 168,"E8-1, ÄÆ°á»ng 7, KCN LÃª Minh XuÃ¢n 3, X. LÃª Minh XuÃ¢n, H. BÃ¬nh ChÃ¡nh,TP. Há» ChÃ­ Minh, Viá»t Nam",volgavn@volga.vn,http://volgaplastic.com
"Náº¯p Nhá»±a, NÃºt Nhá»±a Nhá»±t ThÃ nh - Doanh Nghiá»p TÆ° NhÃ¢n Nhá»±a Nhá»±t ThÃ nh",0907696229,"307 LÃª VÄn Thá», P. 9, Q. GÃ² Váº¥p,TP. Há» ChÃ­ Minh, Viá»t Nam",,
Bao BÃ¬ Nhá»±a LB Packaging VN - CÃ´ng Ty TNHH LB Packaging VN,0906 373 228,"964/11G HÆ°Æ¡ng Lá» 2, P. BÃ¬nh Trá» ÄÃ´ng A, Q. BÃ¬nh TÃ¢n,TP. Há» ChÃ­ Minh, Viá»t Nam",lbplasticvn@gmail.com,http://lbplastic.vn
Bao BÃ¬ Há» Táº¥n Linh - CÃ´ng Ty TNHH PhÃ¡t Triá»n ToÃ n Cáº§u Há» Táº¥n Linh,0938 498 882,"84 ÄÆ°á»ng TÃ¢y LÃ¢n, P. BÃ¬nh Trá» ÄÃ´ng A, Q. BÃ¬nh TÃ¢n,TP. Há» ChÃ­ Minh, Viá»t Nam",fsgiaiphapnhanh@gmail.com,http://noikhongvoitrucinongdong.com
Váº­t Liá»u ÄÃ³ng GÃ³i LÃª Khang - CÃ´ng Ty TNHH Ká»¹ Thuáº­t LÃª Khang,0915 129 079,"9C1/4 HÃ  Huy GiÃ¡p, Khu Phá» 3A, PhÆ°á»ng Tháº¡nh Lá»c, Quáº­n 12,TP. Há» ChÃ­ Minh, Viá»t Nam",lekhangmachine@gmail.com,http://lekhang.com.vn
Váº­t Liá»u ÄÃ³ng GÃ³i NhÆ° Lá»c - CÃ´ng Ty TNHH Sáº£n Xuáº¥t ThÆ°Æ¡ng Máº¡i Dá»ch Vá»¥ NhÆ° Lá»c,0983 544 297,"Sá» 25 ÄÆ°á»ng Nguyá»n Thá» SÃ¡u, Ấp Trung ÄÃ´ng, X. Thá»i Tam ThÃ´n, H. HÃ³c MÃ´n,TP. Há» ChÃ­ Minh, Viá»t Nam",congtynhuloc@yahoo.com.vn,http://bangkeonhuloc.com
Bao BÃ¬ Ruby Pack - CÃ´ng Ty Cá» Pháº§n Ruby Pack,0903 135 321,"50/3, KP. 3, TT. HÃ³c MÃ´n, H. HÃ³c MÃ´n,TP. Há» ChÃ­ Minh, Viá»t Nam",rubypackktt@gmail.com,http://rubypack.vn
TÃºi Nilon VÄ©nh An - CÃ´ng Ty TNHH Nhá»±a VÄ©nh An,0933 600 092,"Số 777A LÃª ÄÃ¬nh Chi, Ấp 3, XÃ£ LÃª Minh XuÃ¢n, Huyá»n BÃ¬nh ChÃ¡nh,TP. Há» ChÃ­ Minh, Viá»t Nam",baobivinhan777@gmail.com,http://nhuavinhan.com
Bao BÃ¬ Nhá»±a ThiÃªn QuÃ¢n - CÃ´ng Ty TNHH Nhá»±a ThiÃªn QuÃ¢n,(028) 66847343,"92C4 DÆ°Æ¡ng CÃ´ng Khi, Ấp 6, X. XuÃ¢n Thá»i SÆ¡n, H. HÃ³c MÃ´n,TP. Há» ChÃ­ Minh, Viá»t Nam",thienquanplastic@gmail.com,http://baobithienquan.com
Bao BÃ¬ An Duyá»t - CÃ´ng Ty TNHH ThÆ°Æ¡ng Máº¡i Dá»ch Vá»¥ An Duyá»t,0909 732 138,"130/35/4B LÃª ÄÃ¬nh Cáº©n, P. TÃ¢n Táº¡o, Q. BÃ¬nh TÃ¢n,TP. Há» ChÃ­ Minh, Viá»t Nam",baobianduyet@gmail.com,http://anduyetplastic.com
Bao BÃ¬ Nhá»±a Tiáº¿n PhÃº - CÃ´ng Ty TNHH Bao BÃ¬ Tiáº¿n PhÃº,(028) 37153940,"757/36 Nguyá»n Ảnh Thá»§, KP. 10, P. TÃ¢n ChÃ¡nh Hiá»p, Q. 12,TP. Há» ChÃ­ Minh, Viá»t Nam",baobitienphu@gmail.com,https://baobitienphu.com
ANAMCARD - CÃ´ng Ty TNHH CÃ´ng Nghá» Ã¡ Nam,0857 888 002,"1206/37/24 Huá»³nh Táº¥n PhÃ¡t, KP. 5, P. TÃ¢n PhÃº, Q. 7,TP. Há» ChÃ­ Minh, Viá»t Nam",pt.tuan@anamcard.com.vn,http://anamcard.com.vn
Ống HÃºt Vinam - CÃ´ng Ty TNHH Sáº£n Xuáº¥t ThÆ°Æ¡ng Máº¡i Dá»ch Vá»¥ Vinam,(028) 6680 9799,"184/23A LÃª ÄÃ¬nh Cáº©n, P. TÃ¢n Táº¡o, Q. BÃ¬nh TÃ¢n,TP. Há» ChÃ­ Minh, Viá»t Nam",kinhdoanh@baobivinam.com,http://baobivinam.com
NguyÃªn Phá»¥ Liá»u May Máº·c An Vinh - CÃ´ng Ty TNHH Sáº£n Xuáº¥t ThÆ°Æ¡ng Máº¡i Xuáº¥t Nháº­p Kháº©u An Vinh,0919 756 540,"147 ÄÆ°á»ng 24, PhÆ°á»ng BÃ¬nh Trá» ÄÃ´ng B, Quáº­n BÃ¬nh TÃ¢n,TP. Há» ChÃ­ Minh, Viá»t Nam",anvinh.th@gmail.com,http://anvinhpack.vn
Ã©p Nhá»±a Nháº­t Ã¡ - CÃ´ng Ty TNHH Sáº£n Xuáº¥t Gia CÃ´ng Ã©p Nhá»±a Nháº­t Ã¡,0903 910 116,"118 Tháº¡nh XuÃ¢n 43, P. Tháº¡nh XuÃ¢n, Q. 12,TP. Há» ChÃ­ Minh, Viá»t Nam",csnhata@gmail.com,http://nhuanhata.com
"EARTH GARMENT ACCESSORIES CO., LTD",(028) 6654 0647,"Sá» 503C, Chung CÆ° An SÆ°Æ¡ng, KP. 5, P. Trung Má»¹ TÃ¢y, Q. 12,TP. Há» ChÃ­ Minh, Viá»t Nam",henrythanh75@gmail.com,http://earthgamentacc.bizz.vn
Bao BÃ¬ TÃ¹ng Nghiá»p - CÃ´ng Ty TNHH Bao BÃ¬ TÃ¹ng Nghiá»p,0971058901,"188 Nam HÃ²a, PhÆ°á»c Long, Q. 9,TP. Há» ChÃ­ Minh, Viá»t Nam",tnpacking@gmail.com,https://tungnghiep.com
Bao BÃ¬ LiÃªn ThÃ nh - CÃ´ng Ty TNHH Bao BÃ¬ Nhá»±a LiÃªn ThÃ nh,(028) 39242329,"1074 VÃµ VÄn Kiá»t, P. 6, Q. 5,TP. Há» ChÃ­ Minh, Viá»t Nam",dntnlienthanh@yahoo.com,http://baobilienthanh.com
Nhá»±a HoÃ ng Gia ThiÃªn - CÃ´ng Ty TNHH Má»t ThÃ nh ViÃªn Sáº£n Xuáº¥t ThÆ°Æ¡ng Máº¡i Dá»ch Vá»¥ XÃ¢y Dá»±ng HoÃ ng Gia ThiÃªn,0902 909 788,"879/20/10/6 HÆ°Æ¡ng Lá» 2, BÃ¬nh Trá» ÄÃ´ng A, Q. BÃ¬nh TÃ¢n,TP. Há» ChÃ­ Minh, Viá»t Nam",vangioi999@gmail.com,http://ronxovitton.com
EGGFUTURE - CÃ´ng Ty TNHH EGGFUTURE,0908101999,"47/90A Nguyá»n Há»¯u Tiáº¿n, PhÆ°á»ng TÃ¢y Tháº¡nh, Quáº­n TÃ¢n PhÃº,TP. Há» ChÃ­ Minh, Viá»t Nam",nhuandavi@gmail.com,http://thegioikhuon.com
DÃ¢y ThÃ©p Máº¡ Káº½m BÃ¬nh PhÃ¡t - CÃ´ng Ty TNHH Sáº£n Xuáº¥t CÃ´ng Nghiá»p BÃ¬nh PhÃ¡t,(028) 37666924,"LÃ´ Sá» 6 VÃ  LÃ´ 10, Khu G, ÄÆ°á»ng N4, Khu CÃ´ng Nghiá»p An Háº¡, XÃ£ Pháº¡m VÄn Hai, Huyá»n BÃ¬nh ChÃ¡nh,TP. Há» ChÃ­ Minh, Viá»t Nam",binhphatgal@gmail.com,http://daythepmakem.com
NÃºt Nhá»±a Viá»t Thuáº­n - CÃ´ng Ty LiÃªn Doanh Sáº£n Xuáº¥t NÃºt Nhá»±a Viá»t Thuáº­n,(0274) 3774321,"104/4 YÃªn Tháº¿, PhÆ°á»ng 2, Quáº­n TÃ¢n BÃ¬nh,TP. Há» ChÃ­ Minh, Viá»t Nam",vietthuan.sales@gmail.com,http://nutnhuavietthuan.bizz.vn
Nhá»±a Viá»t TrÆ°á»ng PhÃ¡t - CÃ´ng Ty TNHH Sáº£n Xuáº¥t ThÆ°Æ¡ng Máº¡i Nhá»±a Viá»t TrÆ°á»ng PhÃ¡t,0909 916 879,"217/11/15 BÃ¹i ÄÃ¬nh TuÃ½, PhÆ°á»ng 24, Quận BÃ¬nh Tháº¡nh,TP. Há» ChÃ­ Minh, Viá»t Nam",lochuu.nguyen@yahoo.com.vn,http://viettruongphat.com
Bao BÃ¬ Nhá»±a VÃ¢n Nga - CÃ´ng Ty Cá» Pháº§n VÃ¢n Nga,(028) 37662982,"LÃ´ H31, ÄÆ°á»ng 1, KCN LÃª Minh XuÃ¢n, X. LÃª Minh XuÃ¢n, H. BÃ¬nh ChÃ¡nh,TP. Há» ChÃ­ Minh, Viá»t Nam",vanngaplastic@vnn.vn,http://vanngaplastic.com
Bao BÃ¬ Nhá»±a Vinh PhÃ¡t - CÃ´ng Ty TNHH Sáº£n Xuáº¥t Bao BÃ¬ Nhá»±a Vinh PhÃ¡t,0844 875 567,"Sá» 69/37A ÄÆ°á»ng Sá» 16, P. BÃ¬nh HÆ°ng HÃ²a A, Q. BÃ¬nh TÃ¢n,TP. Há» ChÃ­ Minh, Viá»t Nam",khaidung79@gmail.com,https://nhuavinhphat.com
Bao BÃ¬ Nilon Kiá»t ThÃ nh - CÃ´ng Ty TNHH Sáº£n Xuáº¥t ThÆ°Æ¡ng Máº¡i Dá»ch Vá»¥ Kiá»t ThÃ nh,(028) 62616910,"351/1 An DÆ°Æ¡ng VÆ°Æ¡ng, P. 10, Q. 6,TP. Há» ChÃ­ Minh, Viá»t Nam",xuanthanh.pima@gmail.com,http://kietthanh.com
Phá»¥ Liá»u May T.H.V - CÃ´ng Ty TNHH T.H.V,(028) 35925156,"58/1E Ấp Tiá»n LÃ¢n, X. BÃ  Äiá»m, H. HÃ³c MÃ´n,TP. Há» ChÃ­ Minh, Viá»t Nam",thvcompany2017@gmail.com,http://phulieuthv.com
KhuÃ´n Máº«u VIEMCO - CÃ´ng Ty Cá» Pháº§n CÆ¡ KhÃ­ Äiá»n Tá»­ PhÃº Thá» HÃ²a,(028) 3860 5125,"1026B LÅ©y BÃ¡n BÃ­ch, P. HÃ²a Tháº¡nh, Q. TÃ¢n PhÃº,TP. Há» ChÃ­ Minh, Viá»t Nam",,
Bao BÃ¬ Ã¡nh Trinh - Doanh Nghiá»p TÆ° NhÃ¢n Ã¡nh Trinh,(028) 38963013,"881 Pháº¡m VÄn Äá»ng, KP. 4, P. Linh TÃ¢y, TP. Thá»§ Äá»©c,TP. Há» ChÃ­ Minh, Viá»t Nam",anhtrinh09dn@gmail.com,http://tuinilonanhtrinh.com
Bao BÃ¬ Nhá»±a TÃ¢n Thuáº­n Tiáº¿n - CÃ´ng Ty TNHH Sáº£n Xuáº¥t ThÆ°Æ¡ng Máº¡i Dá»ch Vá»¥ TÃ¢n Thuáº­n Tiáº¿n,0913.69.68.98,"LÃ´ A54/II ÄÆ°á»ng Sá» 2D KCN VÄ©nh Lá»c, P. BÃ¬nh HÆ°ng HÃ²a B, Q. BÃ¬nh TÃ¢n,TP. Há» ChÃ­ Minh, Viá»t Nam",baobi@tanthuantienpaper.com,http://baobitanthuantien.com
Bao BÃ¬ Nhá»±a Di Äáº¡i HÆ°ng - CÃ´ng Ty TNHH Di Äáº¡i HÆ°ng,(028) 3960 5688,"VPGD: 462 & 466 Há»ng BÃ ng, P. 16, Q. 11,TP. Há» ChÃ­ Minh, Viá»t Nam",info@tashing.com.vn,http://tashing.com.vn
Bao BÃ¬ Nhá»±a TrÃ­ Quang - CÃ´ng Ty TNHH MTV Sáº£n Xuáº¥t ThÆ°Æ¡ng Máº¡i Dá»ch Vá»¥ TrÃ­ Quang,0938 712 340,"D4/25B Kinh A, Ấp 4, X. LÃª Minh XuÃ¢n, H. BÃ¬nh ChÃ¡nh,TP. Há» ChÃ­ Minh, Viá»t Nam",triquangplastic@gmail.com,https://triquang.vn
Tá»§ Sáº¯t M.D.K - CÃ´ng Ty TrÃ¡ch Nhiá»m Há»¯u Háº¡n M.D.K,(028) 37176510,"LÃ´ 7 - 8 Khu C1, Khu CÃ´ng Nghiá»p TÃ¢n Thá»i Hiá»p, PhÆ°á»ng Hiá»p ThÃ nh, Quáº­n 12,TP. Há» ChÃ­ Minh, Viá»t Nam",sales@mdk4i.com.vn,http://mdk4industries.com
TÃºi Nilon PhÃº Thá»nh BÃ¬nh TÃ¢n - CÃ´ng Ty TNHH PhÃº Thá»nh BÃ¬nh TÃ¢n,Hotline: 0906 602 173,"27/36/41 BÃ¹i TÆ° ToÃ n, P. An Láº¡c, Q. BÃ¬nh TÃ¢n,TP. Há» ChÃ­ Minh, Viá»t Nam",phuthinhbinhtan273641@gmail.com,http://phuthinhbinhtan.bizz.vn
TÃºi Nilon Thi Thi Packaging - CÃ´ng Ty TNHH Sáº£n Xuáº¥t ThÆ°Æ¡ng Máº¡i Dá»ch Vá»¥ Thi Thi Packaging,0932 096 500,"Sá» 444/72 ÄÆ°á»ng LÃª VÄn KhÆ°Æ¡ng, PhÆ°á»ng Thá»i An, Quáº­n 12,TP. Há» ChÃ­ Minh, Viá»t Nam",thithipackaging68@gmail.com,http://thithipackagingltd.com
DÃ¹ Che PhÃºc Anh - CÃ´ng Ty TNHH DÃ¹ Che PhÃºc Anh,0943 223 223,"21/24 Nguyá»n VÄn Khá»i, PhÆ°á»ng 11, Quáº­n GÃ² Váº¥p,TP. Há» ChÃ­ Minh, Viá»t Nam",lienhe@pavn.com.vn,http://duchephucanh.com
Bá»n Composite Hoa ÄÄng - CÃ´ng Ty TNHH Sáº£n Xuáº¥t ThÆ°Æ¡ng Máº¡i VÃ  Dá»ch Vá»¥ Ká»¹ Thuáº­t Hoa ÄÄng,(028) 62805598,"22 ÄÆ°á»ng 15, KP. GÃ² CÃ´ng, P. Long Tháº¡nh Má»¹,  TP. Thá»§ Äá»©c,TP. Há» ChÃ­ Minh, Viá»t Nam",kinhdoanh@hoadangcomposite.vn,http://hoadangcomposite.vn
NguyÃªn Phá»¥ Liá»u May Máº·c Kiáº¿n ThÃ nh - CÃ´ng Ty TNHH ThÆ°Æ¡ng Máº¡i Dá»ch Vá»¥ Kiáº¿n ThÃ nh,0985 434 451,"Sá» 3, ÄÆ°á»ng Sá» 8, Khu DÃ¢n CÆ° Nam Long, PhÆ°á»ng An Láº¡c, Q. BÃ¬nh TÃ¢n,TP. Há» ChÃ­ Minh, Viá»t Nam",sanmai1968@gmail.com,http://kienthanh454545.com.vn
Bao BÃ¬ Nhá»±a Tiá»n Giang - CÃ´ng Ty Cá» Pháº§n Nhá»±a Tiá»n Giang,(028) 3636 2445,"Trá»¥ Sá»:Sá» 51 ÄÆ°á»ng T5, TÃ¢y Tháº¡nh, TÃ¢n PhÃº,TP. Há» ChÃ­ Minh, Viá»t Nam",nhuatiengiang@gmail.com,http://nhuatiengiang.com
Long Háº£i Plastic - CÃ´ng Ty TNHH Äáº§u TÆ° Sáº£n Xuáº¥t Long Háº£i,(028) 73004500,"12 ÄÆ°á»ng sá» 6, Khu Phá» 7, PhÆ°á»ng 10, Quáº­n TÃ¢n BÃ¬nh,TP. Há» ChÃ­ Minh, Viá»t Nam",info@longhai.com.vn,http://longhai.com.vn
DARAVIN - CÃ´ng Ty TNHH Sáº£n Xuáº¥t ThÆ°Æ¡ng Máº¡i VÃ  Ká»¹ Thuáº­t Minh KhÃ´i,(028) 8883 9898,"17/66/35A ÄÆ°á»ng LiÃªn Khu 5-6, PhÆ°á»ng BÃ¬nh HÆ°ng HÃ²a B, Quáº­n BÃ¬nh TÃ¢n,TP. Há» ChÃ­ Minh, Viá»t Nam",info@daravin.vn,http://daravin.vn
Bao BÃ¬ Nhá»±a V2G Packaging - CÃ´ng Ty TNHH V2G Packaging,0355 678 909,"Sá» 113/8 ÄÆ°á»ng TÃ¢n XuÃ¢n 2, Ấp Má»i 1, XÃ£ TÃ¢n XuÃ¢n, Huyá»n HÃ³c MÃ´n,TP. Há» ChÃ­ Minh, Viá»t Nam",hong.bt@v2gpackaging.com,https://v2gpackaging.com
Nhá»±a Viá»t Äan - CÃ´ng Ty TNHH Nhá»±a Viá»t Äan,0909 349 333,"VPGD: 496/63/19H DÆ°Æ¡ng Quáº£ng HÃ m, PhÆ°á»ng 6, Quáº­n GÃ² Váº¥p,TP. Há» ChÃ­ Minh, Viá»t Nam",gang.tongvan@vietdanplastic.com,https://vietdanplastic.com
Nhá»±a An NhÆ° PhÃºc - CÃ´ng Ty TNHH Nhá»±a HÃ³a Cháº¥t An NhÆ° PhÃºc,0907 226 399,"Sá» 4 ÄÆ°á»ng 26, KP.7, P. Linh ÄÃ´ng, TP. Thá»§ Äá»©c,TP. Há» ChÃ­ Minh, Viá»t Nam",thanhly.phan@anppolymer.com
Bao BÃ¬ Nháº¥t Khang - CÃ´ng Ty TNHH Sáº£n Xuáº¥t & In áº¥n Bao BÃ¬ Nháº¥t Khang,(028) 36365105,"276/3/37 MÃ£ LÃ², P. BÃ¬nh Trá» ÄÃ´ng A, Q. BÃ¬nh TÃ¢n,TP. Há» ChÃ­ Minh, Viá»t Nam",inannhatkhang@gmail.com,http://innhatkhang.com
Bao BÃ¬ Nhá»±a TÃ¢n Thuáº­n Tiáº¿n - CÃ´ng Ty TNHH Sáº£n Xuáº¥t ThÆ°Æ¡ng Máº¡i Dá»ch Vá»¥ TÃ¢n Thuáº­n Tiáº¿n,0913.69.68.98,"LÃ´ A54/II ÄÆ°á»ng Sá» 2D KCN VÄ©nh Lá»c, P. BÃ¬nh HÆ°ng HÃ²a B, Q. BÃ¬nh TÃ¢n,TP. Há» ChÃ­ Minh, Viá»t Nam",baobi@tanthuantienpaper.com,http://baobitanthuantien.com
Táº¥m Nhá»±a Danpla Pacco - CÃ´ng Ty TNHH Pacco,0906 890 714,"1650 Nguyá»n Duy Trinh, KP. Tam Äa, P. TrÆ°á»ng Tháº¡nh, Q. 9,TP. Há» ChÃ­ Minh, Viá»t Nam",paccovn@gmail.com,http://thungdanpla.vn
Bao BÃ¬ HoÃ ng Nháº­t Thá»nh - CÃ´ng Ty TNHH Bao BÃ¬ HoÃ ng Nháº­t Thá»nh,(028) 3620 1689,"649 LÃª VÄn LÆ°Æ¡ng, P. TÃ¢n Phong, Q. 7,TP. Há» ChÃ­ Minh, Viá»t Nam",hoangnhatthinh@gmail.com,http://inmangco.com
Bao BÃ¬ Ngá»c Minh - CÃ´ng Ty TNHH Sáº£n Xuáº¥t ThÆ°Æ¡ng Máº¡i Bao BÃ¬ Ngá»c Minh,(028) 22530159,"B4 Ấp Má»¹ HÃ³a 4, X. XuÃ¢n Thá»i ÄÃ´ng, H. HÃ³c MÃ´n,TP. Há» ChÃ­ Minh, Viá»t Nam",baobingocminh@gmail.com,http://baobingocminh.com
Nhá»±a Viá»t Ãºc - CÃ´ng Ty TNHH CÆ¡ KhÃ­ Nhá»±a Viá»t Ãºc,028 7309 3969,"26/6 ÄÆ°á»ng 12, P. Tam BÃ¬nh, Q. Thá»§ Äá»©cTP. Há» ChÃ­ Minh, Viá»t Nam",duy.nguyen@vietaus.com,http://vietaus.com
Max Value Tubes - CÃ´ng Ty CP Sáº£n Xuáº¥t ThÆ°Æ¡ng Máº¡i Xuáº¥t Nháº­p Kháº©u Max Value,0909 788 287,"350/48a QL1A, An PhÃº ÄÃ´ng, Quáº­n 12,TP. Há» ChÃ­ Minh, Viá»t Nam",tuyen.tr.sv@gmail.com,http://maxvalue.com.vn
Bao BÃ¬ Miá»n Trung - CÃ´ng Ty TNHH Bao BÃ¬ Nhá»±a Miá»n Trung,(028) 38869490,"Sá» 736 ÄÆ°á»ng HÆ°Æ¡ng Lá» 2, Khu Phá» 6, P. BÃ¬nh Trá» ÄÃ´ng A, Q. BÃ¬nh TÃ¢n,TP. Há» ChÃ­ Minh, Viá»t Nam",ctybaobimientrung@gmail.com,http://baobimientrung.com
Váº­t Liá»u ÄÃ³ng GÃ³i Gia Huy - CÃ´ng Ty TNHH Sáº£n Xuáº¥t ThÆ°Æ¡ng Máº¡i Nhá»±a Gia Huy,0945 959 993,"VP: 185/51/42 NgÃ´ ChÃ­ Quá»c, KP. 2, P. BÃ¬nh Chiá»u, Q. Thá»§ Äá»©c,TP. Há» ChÃ­ Minh, Viá»t Nam",nhuagiahuy@gmail.com,http://nhuagiahuy.vn
Thiáº¿t Bá» NiÃªm Phong Triá»u VÅ© - CÃ´ng Ty TNHH MTV Thiáº¿t Bá» Ká»¹ Thuáº­t Triá»u VÅ©,0832 146 789,"252 Tháº¡nh Lá»c 15, PhÆ°á»ng Tháº¡nh Lá»c, Quáº­n 12,TP. Há» ChÃ­ Minh, Viá»t Nam",giatu.thietbitrieuvu@gmail.com,http://trieuvu.com
Nhá»±a An NhÆ° PhÃºc - CÃ´ng Ty TNHH Nhá»±a HÃ³a Cháº¥t An NhÆ° PhÃºc,0907 226 399,"Sá» 4 ÄÆ°á»ng 26, KP.7, P. Linh ÄÃ´ng, TP. Thá»§ Äá»©c,TP. Há» ChÃ­ Minh, Viá»t Nam",thanhly.phan@anppolymer.com,http://anppolymer.com
Bao BÃ¬ Váº¡n Ã¡nh DÆ°Æ¡ng - CÃ´ng Ty TNHH Má»t ThÃ nh ViÃªn ThÆ°Æ¡ng Máº¡i Váº¡n Ã¡nh DÆ°Æ¡ng,(028) 73026161,"808/5/10 Quá»c Lá» 13, Khu Phá» 4, P. Hiá»p BÃ¬nh PhÆ°á»c, Q. Thá»§ Äá»©cTP. Há» ChÃ­ Minh, Viá»t Nam",vad@vananhduong.com.vn,http://vananhduong.com.vn
Bao BÃ¬ Nhá»±a Anh My - CÃ´ng Ty TNHH ThÆ°Æ¡ng Máº¡i VÃ  Sáº£n Xuáº¥t Anh My,0901 783 816,"453/14 TÃ¢n HÃ²a ÄÃ´ng, P. BÃ¬nh Trá» ÄÃ´ng, Q. BÃ¬nh TÃ¢n,TP. Há» ChÃ­ Minh, Viá»t Nam",anhmybaobinhuapvc@gmail.com,http://baobinhuapvc.com.vn
In Ấn Bao BÃ¬ Gia Ãn -  CÃ´ng ty TNHH Sáº£n Xuáº¥t In áº¥n Bao BÃ¬ Gia Ãn,0937 579 420,"Số 117/15/8, ÄÆ°á»ng Há» VÄn Long, Khu Phá» 3, P. TÃ¢n Táº¡o, Q. BÃ¬nh TÃ¢n,TP. Há» ChÃ­ Minh, Viá»t Nam",baobigiaan@gmail.com,http://baobigiaan.com
Cá»­a Nhá»±a Cao Cáº¥p TrÆ°á»ng NguyÃªn,(028) 22417988,"241 , Äinh Bá» LÄ©nh , P.26 , Q.BÃ¬nh Tháº¡nh,TP. Há» ChÃ­ Minh, Viá»t Nam",maingoctrung86@gmail.com,http://cuanhuacaocaptruongnguyen.com
Háº¡t Nhá»±a MÃ u An VÄ©nh PhÃ¡t - CÃ´ng Ty TNHH SX TM DV An VÄ©nh PhÃ¡t,(028) 22192888,"D5/45 ÄÆ°á»ng KÃªnh A, Ấp 4, XÃ£ LÃª Minh XuÃ¢n, Huyá»n BÃ¬nh ChÃ¡nh,TP. Há» ChÃ­ Minh, Viá»t Nam",anpha_colour@yahoo.com.vn,http://anphacolour.com
TÃºi Zipper NguyÃªn Äáº¡t ThÃ nh - CÃ´ng Ty TNHH ThÆ°Æ¡ng Máº¡i Sáº£n Xuáº¥t NguyÃªn Äáº¡t ThÃ nh,(028) 3961 5027,"214/82 HÃ n Háº£i NguyÃªn, PhÆ°á»ng 9, Quáº­n 11,TP. Há» ChÃ­ Minh, Viá»t Nam",nguyendatthanhplastic@gmail.com,http://nguyendatthanh.com
TÃºi Váº£i KhÃ´ng Dá»t Kim Äá»©c - CÃ´ng Ty Cá» Pháº§n Táº­p ÄoÃ n Kim Äá»©c,(028) 39150209,"VÄn phÃ²ng: 9B TÃº XÆ°Æ¡ng, PhÆ°á»ng VÃµ Thá» SÃ¡u, Quáº­n 3,TP. Há» ChÃ­ Minh, Viá»t Nam",kimduc@kimduc.com.vn,http://www.kimduc.com.vn
Phá»¥ Gia NgÃ nh Nhá»±a TÃ¢n HÃ¹ng CÆ¡ - CÃ´ng Ty ThÆ°Æ¡ng Máº¡i Sáº£n Xuáº¥t TÃ¢n HÃ¹ng CÆ¡,0932610303,"7-9-11-13 ÄÆ°á»ng 53A, P. TÃ¢n Táº¡o, Q. BÃ¬nh TÃ¢n,TP. Há» ChÃ­ Minh, Viá»t Nam",locnv@thcmasterbatch.com,https://thcmasterbatch.com
Doanh Nghiá»p TÆ° NhÃ¢n KhÃ¡nh Viá»t,(028) 39168324,"63B ÄÆ°á»ng Sá» 61, PhÆ°á»ng 14, Quáº­n GÃ² Váº¥p,TP. Há» ChÃ­ Minh, Viá»t Nam",khanhviet_opptape@yahoo.com.vn,http://bangkeokhanhviet.bizz.vn
Háº¡t Nhá»±a TÃ­n ThÃ nh - CÃ´ng Ty TNHH Sáº£n Xuáº¥t ThÆ°Æ¡ng Máº¡i Nhá»±a TÃ­n ThÃ nh,(0274) 2461608,"32/1C Ấp 3, X. Nhá» BÃ¬nh, H. HÃ³c MÃ´n,TP. Há» ChÃ­ Minh, Viá»t Nam",tinthanhplastic@gmail.com,http://tinthanhplastic.com
CÃ´ng Ty TNHH KhÃ¡nh QuÃ¢n Plastics,0977 027 696,"Sá» 84 ÄÆ°á»ng Nguyá»n Thá» Kiá»u, P. Hiá»p ThÃ nh, Q. 12,TP. Há» ChÃ­ Minh, Viá»t Nam",tamnhuaquykhuong@gmail.com,http://noithatnhuadailoan.org
In Ấn Bao BÃ¬ Gia Ãn -  CÃ´ng ty TNHH Sáº£n Xuáº¥t In áº¥n Bao BÃ¬ Gia Ãn,0937 579 420,"Số 117/15/8, ÄÆ°á»ng Há» VÄn Long, Khu Phá» 3, P. TÃ¢n Táº¡o, Q. BÃ¬nh TÃ¢n,TP. Há» ChÃ­ Minh, Viá»t Nam",baobigiaan@gmail.com,http://baobigiaan.com
In Ấn Bao BÃ¬ Gia Ãn -  CÃ´ng ty TNHH Sáº£n Xuáº¥t In áº¥n Bao BÃ¬ Gia Ãn,0937 579 420,"Số 117/15/8, ÄÆ°á»ng Há» VÄn Long, Khu Phá» 3, P. TÃ¢n Táº¡o, Q. BÃ¬nh TÃ¢n,TP. Há» ChÃ­ Minh, Viá»t Nam",baobigiaan@gmail.com,http://baobigiaan.com
Háº¡t Nhá»±a MÃ u An VÄ©nh PhÃ¡t - CÃ´ng Ty TNHH SX TM DV An VÄ©nh PhÃ¡t,(028) 22192888,"D5/45 ÄÆ°á»ng KÃªnh A, Ấp 4, XÃ£ LÃª Minh XuÃ¢n, Huyá»n BÃ¬nh ChÃ¡nh,TP. Há» ChÃ­ Minh, Viá»t Nam",anpha_colour@yahoo.com.vn,http://anphacolour.com
Bao BÃ¬ Duy Khang - CÃ´ng Ty TNHH Bao BÃ¬ Duy Khang,0916 883 743,"VÄn phÃ²ng: Sá» 88 ÄÆ°á»ng 53C, P. TÃ¢n Táº¡o, Q. BÃ¬nh TÃ¢n,TP. Há» ChÃ­ Minh, Viá»t Nam",bbduykhang@gmail.com,http://duykhang.vn
Long Háº£i Plastic - CÃ´ng Ty TNHH Äáº§u TÆ° Sáº£n Xuáº¥t Long Háº£i,(028) 73004500,"12 ÄÆ°á»ng sá» 6, Khu Phá» 7, PhÆ°á»ng 10, Quáº­n TÃ¢n BÃ¬nh,TP. Há» ChÃ­ Minh, Viá»t Nam",info@longhai.com.vn,http://longhai.com.vn
Phá»¥ Liá»u May ÄÃ´ng Nam I.K - CÃ´ng Ty TNHH  ÄÃ´ng Nam I.K,(028) 62874595,"Shop 4, ThÃ¡p G, Sunrise Riverside, ÄÆ°á»ng Nguyá»n Há»¯u Thá», PhÆ°á»c Kiáº¿n, NhÃ  BÃ¨,TP. Há» ChÃ­ Minh, Viá»t Nam",phamhoangchau@yahoo.com,http://dongnamik.com
Bao BÃ¬ Nhá»±a Anh My - CÃ´ng Ty TNHH ThÆ°Æ¡ng Máº¡i VÃ  Sáº£n Xuáº¥t Anh My,0901 783 816,"453/14 TÃ¢n HÃ²a ÄÃ´ng, P. BÃ¬nh Trá» ÄÃ´ng, Q. BÃ¬nh TÃ¢n,TP. Há» ChÃ­ Minh, Viá»t Nam",anhmybaobinhuapvc@gmail.com,http://baobinhuapvc.com.vn
DARAVIN - CÃ´ng Ty TNHH Sáº£n Xuáº¥t ThÆ°Æ¡ng Máº¡i VÃ  Ká»¹ Thuáº­t Minh KhÃ´i,(028) 8883 9898,"17/66/35A ÄÆ°á»ng LiÃªn Khu 5-6, PhÆ°á»ng BÃ¬nh HÆ°ng HÃ²a B, Quáº­n BÃ¬nh TÃ¢n,TP. Há» ChÃ­ Minh, Viá»t Nam",info@daravin.vn,http://daravin.vn
Háº¡t Nhá»±a TÃ­n ThÃ nh - CÃ´ng Ty TNHH Sáº£n Xuáº¥t ThÆ°Æ¡ng Máº¡i Nhá»±a TÃ­n ThÃ nh,(0274) 2461608,"32/1C Ấp 3, X. Nhá» BÃ¬nh, H. HÃ³c MÃ´n,TP. Há» ChÃ­ Minh, Viá»t Nam",tinthanhplastic@gmail.com,http://tinthanhplastic.com
Bao BÃ¬ Nhá»±a TÃ¢n Äáº¡i DÆ°Æ¡ng - CÃ´ng Ty TNHH Bao BÃ¬ Nhá»±a TÃ¢n Äáº¡i DÆ°Æ¡ng,(028) 37542882,"33 ÄÆ°á»ng 55A, Khu Phá» 9, PhÆ°á»ng TÃ¢n Táº¡o, Quáº­n BÃ¬nh TÃ¢n,TP. Há» ChÃ­ Minh, Viá»t Nam",tandaiduongidea@gmai.com,http://tandaiduongidea.com
Nháº­t Minh FRP - CÃ´ng Ty TNHH Sáº£n Xuáº¥t VÃ  Dá»ch Vá»¥ Nháº­t Minh,0902 738 384,"168/13A Ấp Thá»i TÃ¢y 2, X. TÃ¢n Hiá»p, H. HÃ³c MÃ´n,TP. Há» ChÃ­ Minh, Viá»t Nam",nhatminhfrp@gmail.com,http://nhatminhfrp.com
CÃ´ng Ty TNHH MTV TM DV Ná»i Tháº¥t HÃ¹ng CÆ°á»ng,(028) 37623728,"934 Tá»nh Lá» 10, kp7, P. TÃ¢n Táº¡o, Q. BÃ¬nh TÃ¢n,TP. Há» ChÃ­ Minh, Viá»t Nam",cuanhuahungcuong@gmail.com,http://cuanhuahungcuong.com
TÃºi Zipper NguyÃªn Äáº¡t ThÃ nh - CÃ´ng Ty TNHH ThÆ°Æ¡ng Máº¡i Sáº£n Xuáº¥t NguyÃªn Äáº¡t ThÃ nh,(028) 3961 5027,"214/82 HÃ n Háº£i NguyÃªn, PhÆ°á»ng 9, Quáº­n 11,TP. Há» ChÃ­ Minh, Viá»t Nam",nguyendatthanhplastic@gmail.com,http://nguyendatthanh.com
Chi NhÃ¡nh CÃ´ng Ty TNHH MTV LÃ¢m Táº­p HuÃª,0978263663,"Ä/c 1: B337/12, Tá» 12, Khu 2, P. ChÃ¡nh NghÄ©a, TP. Thá»§ Dáº§u Má»t, BÃ¬nh DÆ°Æ¡ng",kimphuoc0512@gmail.com,http://lamtaphue.com
Váº­t Liá»u NgÃ nh SÆ¡n ATP - CÃ´ng Ty TNHH ATP Materials Viá»t Nam,0972 311 312,"Sá» 6, ÄÆ°á»ng 53, PhÆ°á»ng Tháº¡nh Má»¹ Lá»£i, ThÃ nh Phá» Thá»§ Äá»©c,TP. Há» ChÃ­ Minh, Viá»t Nam",martin@atpplast.com,http://atpmaterials.com
Bao BÃ¬ Nhá»±a HoÃ ng Thá»nh PhÃ¡t - CÃ´ng Ty TNHH Sáº£n Xuáº¥t In Bao BÃ¬ HoÃ ng Thá»nh PhÃ¡t Plastic,0945 19 7676,"Sá» 18, ÄÆ°á»ng 30, KDC Ấp 5, Phong PhÃº, H. BÃ¬nh ChÃ¡nh,TP. Há» ChÃ­ Minh, Viá»t Nam",baobihoangthinhphat86@gmail.com,http://hoangthinhphatplastic.com
Bao BÃ¬ Nhá»±a TÃ¢m PhÆ°Æ¡ng Trinh - CÃ´ng Ty TNHH TÃ¢m PhÆ°Æ¡ng Trinh,(028) 22196554,"Sá» 47/6B, ÄÆ°á»ng Sá» 10, P. TrÆ°á»ng Thá», TP. Thá»§ Äá»©c,TP. Há» ChÃ­ Minh, Viá»t Nam",congtytamphuongtrinh@gmail.com,http://baonilon.vn
Chá»i CÆ°á»c CÃ´ng Nghiá»p Nam LiÃªn PhÃ¡t - CÃ´ng Ty TNHH ThÆ°Æ¡ng Máº¡i Xuáº¥t Nháº­p Kháº©u Nam LiÃªn PhÃ¡t,0976 262 503,"68 & 109 Táº¡ UyÃªn, PhÆ°á»ng 15, Quáº­n 5,TP. Há» ChÃ­ Minh, Viá»t Nam",namlienco@gmail.com,http://namlienphatco.com
MÃ ng Co Thuáº­n HÆ°ng PhÃ¡t - CÃ´ng Ty TNHH ThÆ°Æ¡ng Máº¡i & Sáº£n Xuáº¥t Thuáº­n HÆ°ng PhÃ¡t,(028) 37524200,"Sá» 532/3/23 ÄÆ°á»ng Kinh DÆ°Æ¡ng VÆ°Æ¡ng, Khu Phá» 1, P. An Láº¡c, Q. BÃ¬nh TÃ¢n,TP. Há» ChÃ­ Minh, Viá»t Nam",thuanhungphat@yahoo.com,http://mangcopvc.vn
Bao BÃ¬ Nilon Mai Lá» VÄn - CÃ´ng Ty TNHH Mai Lá» VÄn,(028) 22137768,"615 Quá»c Lá» 1A, KP. 4, P. BÃ¬nh HÆ°ng HÃ²a, Q. BÃ¬nh TÃ¢n,TP. Há» ChÃ­ Minh, Viá»t Nam",mlv.ecoplastic@gmail.com,http://mlvplastics.bizz.vn
Nhá»±a Gia Nguyá»n - CÃ´ng Ty TNHH Nhá»±a Gia Nguyá»n,0908 757 528,"Sá» 25, ÄÆ°á»ng 13, KDC Ấp 5, X. Phong PhÃº, H. BÃ¬nh ChÃ¡nh,TP. Há» ChÃ­ Minh, Viá»t Nam",kdchaipet@gmail.com,http://gianguyenplastic.com
Vietbox.vn - CÃ´ng ty TNHH Sáº£n Xuáº¥t VÃ  ThÆ°Æ¡ng Máº¡i VIETBOX,0981 040 408,"Sá» 27 ÄÆ°á»ng Nguyá»n VÄn Vá»nh, P. Hiá»p TÃ¢n, Q. TÃ¢n PhÃº,TP. Há» ChÃ­ Minh, Viá»t Nam",cskh@vietbox.vn,http://vietbox.vn
Nhá»±a An NhÆ° PhÃºc - CÃ´ng Ty TNHH Nhá»±a HÃ³a Cháº¥t An NhÆ° PhÃºc,0907 226 399,"Sá» 4 ÄÆ°á»ng 26, KP.7, P. Linh ÄÃ´ng, TP. Thá»§ Äá»©c,TP. Há» ChÃ­ Minh, Viá»t Nam",thanhly.phan@anppolymer.com,http://anppolymer.com
Bao BÃ¬ Viá»t Kinh ThÆ°Æ¡ng - CÃ´ng Ty TNHH Sáº£n Xuáº¥t - ThÆ°Æ¡ng Máº¡i - Dá»ch Vá»¥ Viá»t Kinh ThÆ°Æ¡ng,0903 960 885,"44 ÄÆ°á»ng 8A, Ấp 4B, XÃ£ BÃ¬nh HÆ°ng, Huyá»n BÃ¬nh ChÃ¡nh,TP. Há» ChÃ­ Minh, Viá»t Nam",vktplastics@gmail.com,http://vktplastics.com
Bao BÃ¬ LiÃªn ThÃ nh - CÃ´ng Ty TNHH Bao BÃ¬ Nhá»±a LiÃªn ThÃ nh,(028) 39242329,"1074 VÃµ VÄn Kiá»t, P. 6, Q. 5,TP. Há» ChÃ­ Minh, Viá»t Nam",dntnlienthanh@yahoo.com,http://baobilienthanh.com
Bao BÃ¬ HoÃ ng Nháº­t Thá»nh - CÃ´ng Ty TNHH Bao BÃ¬ HoÃ ng Nháº­t Thá»nh,(028) 3620 1689,"649 LÃª VÄn LÆ°Æ¡ng, P. TÃ¢n Phong, Q. 7,TP. Há» ChÃ­ Minh, Viá»t Nam",hoangnhatthinh@gmail.com,http://inmangco.com
Bao BÃ¬ An PhÃº - CÃ´ng Ty TNHH Sáº£n Xuáº¥t Bao BÃ¬ An PhÃº,09.33.33.55.90,"Sá» 149/2C ÄÆ°á»ng 45, P. Hiá»p BÃ¬nh ChÃ¡nh, TP. Thá»§ Äá»©c,TP. Há» ChÃ­ Minh, Viá»t Nam",vudangvietnam@gmail.com,http://baobianphu.bizz.vn
Nh&#7921a HÆ°ng PhÆ°á»c Lá»£i - CÃ´ng Ty TNHH HÆ°ng PhÆ°á»c Lá»£i,(028) 38559933,"15/16 NgÃ´ Quyá»n, P. 10, Q. 5,TP. Há» ChÃ­ Minh, Viá»t Nam",hungphuocloi.com@gmail.com,http://cmfactory.ca
TÃºi Zipper NguyÃªn Äáº¡t ThÃ nh - CÃ´ng Ty TNHH ThÆ°Æ¡ng Máº¡i Sáº£n Xuáº¥t NguyÃªn Äáº¡t ThÃ nh,(028) 3961 5027,"214/82 HÃ n Háº£i NguyÃªn, PhÆ°á»ng 9, Quáº­n 11,TP. Há» ChÃ­ Minh, Viá»t Nam",nguyendatthanhplastic@gmail.com,http://nguyendatthanh.com
MÃ ng Co Nhiá»t ThÃ¡i DÆ°Æ¡ng - CÃ´ng Ty TNHH Sáº£n Xuáº¥t - ThÆ°Æ¡ng Máº¡i MÃ ng Co Nhiá»t ThÃ¡i DÆ°Æ¡ng,0966 739 509,"F3/27, Ấp 69, XÃ£ VÄ©nh Lá»c A, Huyá»n BÃ¬nh ChÃ¡nh,TP. Há» ChÃ­ Minh, Viá»t Nam",kinhdoanh@mangcothaiduong.com,http://mangcothaiduong.com
Phá»¥ Gia NgÃ nh Nhá»±a Ã¡ ChÃ¢u - CÃ´ng Ty TNHH HÃ³a Cháº¥t Nhá»±a Ã¡ ChÃ¢u,0937 941 239,"Sá» 134/22 Man Thiá»n, Khu Phá» 5, PhÆ°á»ng TÄng NhÆ¡n PhÃº A, ThÃ nh Phá» Thá»§ Äá»©c,TP. Há» ChÃ­ Minh, Viá»t Nam",chi.nguyen@achauplastic.com,http://achauplastic.com
Váº­t TÆ° NgÃ nh NÆ°á»c LÃª Nguyá»n - CÃ´ng Ty TNHH ThÆ°Æ¡ng Máº¡i Dá»ch Vá»¥ Váº­t Liá»u XÃ¢y Dá»±ng LÃª Nguyá»n,0903 662 911,"Sá» 43 ÄÆ°á»ng N2, Khu ÄÃ´ Thá» Phá» ÄÃ´ng, PhÆ°á»ng CÃ¡t LÃ¡i, ThÃ nh Phá» Thá»§ Äá»©c,TP. Há» ChÃ­ Minh, Viá»t Nam",nilenguyenco@gmail.com,http://lenguyenco.com.vn
Nhá»±a Ká»¹ Thuáº­t HH Viá»t HÆ°ng - CÃ´ng Ty TNHH Má»t ThÃ nh ViÃªn HH Viá»t HÆ°ng,Hotline: 0964 284 362,"VÄn phÃ²ng: 57 ÄÆ°á»ng Sá» 5, XÃ£ VÄ©nh Lá»c B, Huyá»n BÃ¬nh ChÃ¡nh,TP. Há» ChÃ­ Minh, Viá»t Nam",quanda03mail@gmail.com,http://viethungplastic.com
Bao BÃ¬ Nháº¥t Khang - CÃ´ng Ty TNHH Sáº£n Xuáº¥t & In áº¥n Bao BÃ¬ Nháº¥t Khang,(028) 36365105,"276/3/37 MÃ£ LÃ², P. BÃ¬nh Trá» ÄÃ´ng A, Q. BÃ¬nh TÃ¢n,TP. Há» ChÃ­ Minh, Viá»t Nam",inannhatkhang@gmail.com,http://innhatkhang.com
NguyÃªn Phá»¥ Liá»u May Máº·c Báº§u Trá»i Má»i - CÃ´ng Ty TNHH Sáº£n Xuáº¥t Phá»¥ Liá»u May Máº·c Báº§u Trá»i Má»i,(028) 6257 5446,"29/2/4 LÃª Äá»©c Thá», P. 7, Q. GÃ² Váº¥p,TP. Há» ChÃ­ Minh, Viá»t Nam",jasper@newskypads.com,http://newskypads.com
Cá»­a Nhá»±a Cao Cáº¥p TrÆ°á»ng NguyÃªn,(028) 22417988,"241 , Äinh Bá» LÄ©nh , P.26 , Q.BÃ¬nh Tháº¡nh,TP. Há» ChÃ­ Minh, Viá»t Nam",maingoctrung86@gmail.com,http://cuanhuacaocaptruongnguyen.com
PhÃ´i Pet Minh ThÃ´ng - CÃ´ng Ty TNHH Sáº£n Xuáº¥t - ThÆ°Æ¡ng Máº¡i - Dá»ch Vá»¥ Minh ThÃ´ng,0917 369 539,"1/4A BÃ  Triá»u, Ấp ÄÃ¬nh, XÃ£ TÃ¢n XuÃ¢n, Huyá»n HÃ³c MÃ´n,TP. Há» ChÃ­ Minh, Viá»t Nam",phongkd@minhthongpet.com.vn,http://minhthongpet.com.vn
Bao BÃ¬ Äá»©c PhÃ¡t - CÃ´ng Ty TNHH Sáº£n Xuáº¥t ThÆ°Æ¡ng Máº¡i Dá»ch Vá»¥ Bao BÃ¬ Äá»©c PhÃ¡t,0777 886 677,"1132/12A Tá»nh Lá» 10, P. TÃ¢n Táº¡o, Q. BÃ¬nh TÃ¢n,TP. Há» ChÃ­ Minh, Viá»t Nam",ducphatpackaging@gmail.com,http://ducphatpackaging.com
